target_micro_niche,Discord,Facebook_Groups,Instagram,Marketplace_First,Micro_Influencers,Pinterest,Reddit,TikTok,Website_First,YouTube_Shorts
DIY_Crafters,24,22,12,15,10,20,16,22,21,20
Gadget_Geeks,16,15,16,16,23,16,26,30,21,27
Gym_Beginners,20,20,23,17,24,23,26,22,24,18
Healthy_Eating,27,19,16,10,21,13,19,26,22,22
Home_Decor_Lovers,14,21,11,19,23,23,21,28,25,21
Online_Learners,17,15,19,14,21,23,15,25,30,16
Organic_Beauty,20,23,24,20,17,22,15,26,24,17
Pet_Lovers,18,22,27,18,29,16,25,24,14,16
Skincare_Enthusiasts,23,19,23,14,12,21,13,29,14,12
Streetwear_Fans,20,23,18,24,22,23,22,18,19,13
